product_name,product_url,store,webshop_url
Isola Bio Just Brown Rice Drank 1LT,https://www.deonlinedrogist.nl/drogist/isola-bio-just-brown-rice-drank-glutenvrij.htm,de_online_drogist,https://www.deonlinedrogist.nl/
Isola Bio Rijstdrank Calcium 1LT,https://www.deonlinedrogist.nl/drogist/isola-bio-rijstdrank-calcium.htm,de_online_drogist,https://www.deonlinedrogist.nl/
Allos Spread Spinazie Pijnboompit 135GR,https://www.deonlinedrogist.nl/drogist/allos-spread-spinazie-pijnboompit-broodbeleg.htm,de_online_drogist,https://www.deonlinedrogist.nl/
Allos Spread Paprika Trio 135GR,https://www.deonlinedrogist.nl/drogist/allos-spread-paprika-trio-broodbeleg.htm,de_online_drogist,https://www.deonlinedrogist.nl/
Le Pain des Fleurs Uien Crackers 150GR,https://www.deonlinedrogist.nl/drogist/le-pain-des-fleurs-uien-crackers-glutenvrij,de_online_drogist,https://www.deonlinedrogist.nl/
Le Pain des Fleurs Vijgen Crackers 150GR,https://www.deonlinedrogist.nl/drogist/le-pain-des-fleurs-vijgen-crackers-glutenvrij,de_online_drogist,https://www.deonlinedrogist.nl/
Le Pain des Fleurs Zwarte Rijst Crackers 150GR,https://www.deonlinedrogist.nl/drogist/le-pain-des-fleurs-zwarte-rijst-crackers.htm,de_online_drogist,https://www.deonlinedrogist.nl/
Le Pain des Fleurs Boekweit Crackers Zonder Zout 150GR,https://www.deonlinedrogist.nl/le-pain-des-fleurs-boekweit-crackers-zonder-zout-p-25213.html,de_online_drogist,https://www.deonlinedrogist.nl/
Lima Rijst Rond 1KG,https://www.deonlinedrogist.nl/lima-rijst-rond-1000gr-p-25366.html,de_online_drogist,https://www.deonlinedrogist.nl/
Isola Bio Just brown rice 1000ml,https://www.drogist.nl/isola-bio-just-brown-rice-1000ml.htm?channable=e20601.ODk0Njk&sqr=isola%20bio&,drogist,https://www.drogist.nl/
Isola Bio Rijstdrank Calcium 1000ml,https://www.drogist.nl/isola-bio-rijstdrank-calcium-1000ml.htm?channable=e20601.OTM3ODc&sqr=isola%20bio&,drogist,https://www.drogist.nl/
Allos Farm vegetables paprika trio 135g,https://www.drogist.nl/allos-farm-vegetables-paprika-trio-135g.htm?channable=e20601.MTIwNDA1,drogist,https://www.drogist.nl/
Allos Farm Vegetables Spinazie & Pijnboompitten 135g,https://www.drogist.nl/allos-farm-vegetables-spinazie-en-pijnboompitten-135g.htm?channable=e20601.MTIwNDA3,drogist,https://www.drogist.nl/
Le Pain Des Fleurs Boekweitcrackers zonder zout 150g,https://www.drogist.nl/le-pain-des-fleurs-boekweitcrackers-zonder-zout-150g.htm?channable=e20601.Mjg0NjU,drogist,https://www.drogist.nl/
Le Pain Des Fleurs Knackebrod Figues 150g,https://www.drogist.nl/le-pain-des-fleurs-knackebrod-figues-150g.htm?channable=e20601.Nzc5NTA,drogist,https://www.drogist.nl/
Le Pain Des Fleurs Knackebrod Onions 150g,https://www.drogist.nl/le-pain-des-fleurs-knackebrod-onions-150g.htm?channable=e20601.Nzc5NTE,drogist,https://www.drogist.nl/
Le Pain Des Fleurs Zwarte Rijst Crackers 150g,https://www.drogist.nl/le-pain-des-fleurs-zwarte-rijst-crackers-150g.htm?channable=e20601.MTIyMDc4,drogist,https://www.drogist.nl/
Lima Rijst rond 1000g,https://www.drogist.nl/lima-rijst-rond-1-kilo.htm?channable=e20601.NDYxMzE,drogist,https://www.drogist.nl/
Lima Rijst halfvol 1000g,https://www.drogist.nl/lima-rijst-halfvol-1000g.htm?channable=e20601.NTc5Mjk,drogist,https://www.drogist.nl/
Lima Rijst lang 1000g,https://www.drogist.nl/lima-rijst-lang-1000g.htm?channable=e20601.NTgyMDc,drogist,https://www.drogist.nl/
